<?xml version="1.0"?>
<config xmlns:xsi="http://www.w3.org/2001/XMLSchema-instance" xsi:noNamespaceSchemaLocation="urn:magento:framework:Acl/etc/acl.xsd">
    <acl>
        <resources>
            <resource id="Magento_Backend::admin">
                <resource id="Magento_Customer::customer">
                    <resource id="Magebright_CustomerApprove::manage" title="Customer Approve" sortOrder="50" />
                </resource>
            </resource>
          
        </resources>
    </acl>


</config>
